Sharpshooter Saki|A sniper prodigy, small but effective. Can change|the entire course of battle with a single bullet.|Long-range attacks only hit Aliens & Red.|
Nighthunter Saki|The watchful guardian over the night city. Genius|with a rifle, who still has to help Mom with the dishes.|Long-range attacks only hit Aliens & Zombies.|
Nighthunter Saki|The watchful guardian over the night city. Genius|with a rifle, who still has to help Mom with the dishes.|Long-range attacks only hit Aliens & Zombies.|









